related_person_name,decayed_amount_sold,decayed_amount_percentile,gp_degree_norm,gp_pagerank_norm,investor_intent_score
aaronszekel,1490.4991668287062,0.4095127610208817,0.0,0.15307269297643045,0.19383242626098218
abdohajj,806144.7448454336,0.576355199325037,0.6616418958920284,0.7788422781642097,0.440181991346418
achalupadhyaya,145677407.825182,0.9860788863109049,0.0,0.39501877295549664,0.504486391282255
alecthegoresgroupllc,17645171.545353387,0.9066125290023201,0.14972584627239743,0.4653580057489354,0.4561838627529899
alexandrecohen,8344.226772095695,0.5092807424593968,0.0,0.18933307530312288,0.23374784607790566
alineogpllc,12640.618476251553,0.5301624129930395,0.0,0.19807866871627122,0.2703537778604625
alineogpspvllc,7004685.7842860175,0.781322505800464,0.33835810410797157,0.5867302899559478,0.44769922942995005
alinovawavefundigpllc,5037868.4845597185,0.8781902552204176,0.0,0.32417012986972266,0.4053719747833932
altspotcapitalllc,31061.163521040915,0.5835266821345708,0.0,0.21700995949097235,0.26364956356021657
amirrubin,92095782.1482126,0.9779582366589327,0.0,0.38536218247849974,0.4799478473969089
amritsaxecapvcholdingsllc,1202787.2040427942,0.5830294995028175,0.4626069959801624,0.6445578343781485,0.3911847570334625
andremvpventuresiigpllc,44272029.56181872,0.9593967517401392,0.0,0.36993751291768284,0.45456369930707763
andrewbraccia,8197919.919451098,0.6805877803557617,0.2559580248098155,0.5288432304734784,0.3934354011758318
andrewfvfigpllc,3.0079546381829014,0.06264501160092807,0.0,0.02842347246462988,0.048659332504459966
andrewng,2767099.756235703,0.537122969837587,0.0,0.3261488447082902,0.28337035432845536
andrewskatoff,109721.49002763623,0.6508120649651972,0.0,0.24358472075445117,0.29345614233475165
andymohtar,815.1249685720472,0.37470997679814383,0.0,0.14037520448322027,0.16866030929114126
annpefpreservationmanagingpartnersllc,42122143.297811374,0.95707656612529,0.0,0.3688892429773287,0.45783168845782296
anshumandube,259526.92022948206,0.6861948955916473,0.14972584627239743,0.3765057365968217,0.34973448403016516
anthonyavila,47539241.7496925,0.9605568445475638,0.0,0.3714369118489684,0.45252246377529354
anthonyexcolereequitypartnersfundigpllc,498.71253356007946,0.23588553750966743,0.14972584627239743,0.253347471819881,0.17143287378276276
antonfeingold,87564699.8228404,0.9767981438515081,0.0,0.38429976811880084,0.48025073865920775
anuhariharan,54.99602231911998,0.19953596287703015,0.0,0.0839540908723683,0.11018072453931763
appalachianfundmanagerllc,19.245298933013952,0.154292343387471,0.0,0.06253030263618678,0.08998937917154409
architectusgpllc,5026411.750817154,0.62877030162413,0.14972584627239743,0.438913977113727,0.34004969820073844
aresopcreditgpllc,4906094.805666973,0.8747099767981439,0.0,0.32361198500380445,0.4326416173667672
arianaarimindfulventurecapitaligpllc,3.752250798555,0.07540603248259861,0.0,0.03201047954744195,0.049452083715724654
arjanschutte,986108.2131134383,0.7830626450116009,0.0,0.2898247123957333,0.361005935157957
armendovlatian,1749.7798892971382,0.41647331786542924,0.0,0.1564479015974841,0.19276573420024026
ashchopra,71.02927366983474,0.19083526682134572,0.14972584627239743,0.20390149563568846,0.1444597313470262
ashleyrust,12999.10118693746,0.49245939675174016,0.14972584627239743,0.3134584978137251,0.2659214268659227
ashmeetengineeringcapitalequitypartnersvllc,33073688.81117322,0.9501160092807425,0.0,0.36379660863201635,0.44247546033737944
ashotarzumanyan,4843.057788673725,0.4767981438515081,0.0,0.17787871008471334,0.2254944058037546
ashugarg,151710.51144244126,0.6693735498839907,0.0,0.2504081524433139,0.3228953699887377
ateetislandgreencapitalgpllc,1997107.197367976,0.7877030162412992,0.14972584627239743,0.41947706850961664,0.3935752375718765
avichalgarg,1020703.0063921046,0.6569992266047952,0.2559580248098155,0.48497069656888386,0.37222579398660033
aydinsenkut,20115543.98571902,0.8526682134570766,0.14972584627239743,0.4681172833353999,0.47301658762389737
azperennialequitypartnersopportunitiesllc,9538872.473782636,0.9095127610208816,0.0,0.3376135559470115,0.4127720406687163
babakcotaventuresgpiillc,138459.86710716604,0.6629930394431555,0.14972584627239743,0.36327529135258463,0.33925203046344654
babakyazdani,617.4944208243247,0.35730858468677495,0.0,0.13453618500713105,0.18382496341380147
bengordon,598030.0139486825,0.7447795823665894,0.0,0.27929296166544965,0.3423501192197645
benjaminbluemoongpiillc,5026171.534636047,0.877030162412993,0.0,0.3241211798552554,0.3940280028914427
benjamingeniusventuresfoundingfundigpllc,1035750.2633305076,0.4802784222737819,0.0,0.305455454763067,0.24415101852211618
benjaminlincoln,594594.8238373958,0.6200696055684454,0.33835810410797157,0.534791064817993,0.37360320927683716
benjaminparr,301493.1386916455,0.5939675174013921,0.0,0.27946676562459744,0.28180684112941723
benjaminupventuresgpiillc,630772.892181551,0.7430394431554525,0.14972584627239743,0.3952072452088491,0.37079003853274173
benwood,203.50000379717596,0.3051044083526682,0.0,0.11123058588597613,0.14775360103515528
blockstreetcapitalgpllc,2.05786472342416,0.05568445475638051,0.0,0.022725862211015524,0.04237362116908952
brandonbelford,638119.3224205987,0.7354988399071927,0.14972584627239743,0.39545108724501077,0.3664621579355535
brandtblanken,21776807.897678312,0.9361948955916474,0.0,0.35499652040876334,0.43090515615513914
braytonboostvcdeeptechfundpartnersllc,50818408.63485053,0.9634570765661252,0.14972584627239743,0.4876333567327642,0.5014682027025174
brendanfifthwallreactgplp,110391176.75058308,0.9814385150812065,0.0,0.38917796121457904,0.5011222857073309
brentknudsen,15.49939330214112,0.1357308584686775,0.0,0.058221803995723576,0.0866372521708222
brettswiftventuresmanagementllc,35.598096903989024,0.17749419953596288,0.0,0.0749983418740796,0.09401908513232443
briancsoinvestmentmanagementllc,18.345958744535974,0.14849187935034802,0.0,0.06157343501731643,0.08551491134821142
brianduckfundgpllc,547.1286008659258,0.3503480278422274,0.0,0.1319928056840126,0.16849670274360573
brocktonvandenberg,51.78581941578829,0.1937354988399072,0.0,0.08271085184735345,0.11928042001796559
browningwestgplp,129986319.467407,0.9849187935034803,0.0,0.3926188595017267,0.5050828312975385
bruceleak,5439.770944596504,0.4814385150812065,0.0,0.18032500608408444,0.22314360945369408
bruceplaygroundgenesisgpllc,10293518.590047367,0.91415313225058,0.0,0.339216913549316,0.41838913579962866
bruceplaygroundventuresgpiillc,1762.6891893561938,0.4176334106728538,0.0,0.15660260410810006,0.19866410059303366
bruceplaygroundventuresgpllc,4869.420515882572,0.43793503480278423,0.0,0.1925873145850973,0.20897821201751582
bryancommonkindgpllc,74502.02475085441,0.6276102088167054,0.0,0.23543276086290038,0.29035614593919307
byunghoonkrewcapitalllc,568.6699369302156,0.35266821345707655,0.0,0.1328045426240674,0.17508510606539976
calcaplendingllc,552594.8822166555,0.740139211136891,0.0,0.2776290296183324,0.34137975259414866
calebsima,141310.82494665752,0.6647331786542924,0.0,0.24891276777041504,0.30311587145226415
camiloperceptiveventuresspvgpllc,11374764.134744035,0.9176334106728539,0.0,0.34132027103345874,0.4166605701405185
carlbpctacticalfundiiugpllc,125846.35251070462,0.6566125290023201,0.0,0.24647213064111398,0.3141597335921426
carllpsinvestcogpllc,18715151.664974436,0.931554524361949,0.0,0.3518059396548361,0.4305728657331629
carlwiese,18.559156761641358,0.14965197215777262,0.0,0.06180423365396887,0.08449054389743466
centercapitalpartnersllc,151.9692994160225,0.28074245939675174,0.0,0.10511672601794313,0.14691014725931312
charlesavkvoaigpllc,81557183.6812172,0.974477958236659,0.0,0.3828030833524564,0.5005919596751081
charlesnbventuresxaigpllc,126591169.54256718,0.9837587006960556,0.0,0.39206152209506145,0.5333593459251574
charlesreim,2.861568663587104,0.06148491879350348,0.0,0.02763994615929465,0.05084329931978995
chihuachien,12.490220428133966,0.13225058004640372,0.0,0.053981542619381456,0.08010320970875155
chispavcllc,3811.4313215259676,0.4593967517401392,0.0,0.17283555992618008,0.2070023504162034
christiansundancegrowthmanagementllc,48409.023044919355,0.5974477958236659,0.0,0.22635385413825856,0.2749236814189826
christopheralchemysurfresortgpllc,819995.8343747365,0.7679814385150812,0.0,0.28594016643942993,0.34325620079835106
christopherbridgeportmanagementservicesllc,81537.47729644222,0.6368909512761021,0.0,0.23733295904944432,0.2887294109738454
christopherconway,108.40408763173016,0.23201856148491878,0.14972584627239743,0.21275356136717044,0.1743406014745308
christopherharo,84453.7992670631,0.6415313225058005,0.0,0.2380729767398469,0.28786703164142147
christopherplatformfundmanagementllc,1087.289125004971,0.39443155452436196,0.0,0.14643565830929126,0.18271957187327065
christopherwesterlyholdingsllc,708.907252076916,0.3665893271461717,0.0,0.13743898500637072,0.18723937359547016
claiventuresfundigpllc,78.27406173633592,0.22505800464037123,0.0,0.09127458000838622,0.1188897053788791
clarklehman,79995.82371952756,0.6345707656612529,0.0,0.2369309970707297,0.29413907686672225
cloudallstarfundgpllc,20951.671380851996,0.5545243619489559,0.0,0.20871881112417676,0.2528660088245903
codoninnovationllc,12483.958169061898,0.5266821345707656,0.0,0.19781607536933585,0.2472573383794927
craigcecilio,112.38144760254754,0.25986078886310904,0.0,0.09881021010362515,0.12397920233970072
danielfleischmann,172535.65282664818,0.6763341067285383,0.0,0.25311685359878017,0.3111296216217077
danielgolddragonventuresllc,24482.74451574025,0.568445475638051,0.0,0.21199849284076303,0.252982062418613
danielmontreuxequitymanagementllc,4.490569751036589,0.08178654292343387,0.0,0.03505157991896629,0.05514458760095253
danielrosen,117595.36419872912,0.6107888631090488,0.14972584627239743,0.35983584058140033,0.3175772393477013
danleimel,53.81963516557686,0.19837587006960558,0.0,0.08350697725169752,0.09935816136092292
danzuckerman,10723.872492788505,0.5197215777262181,0.0,0.1946160835863455,0.2709255896555011
darrentransformationalhealthcaregpllc,2933090.3891707337,0.48607888631090485,0.0,0.3273756323856567,0.24721718327444467
dashvcllc,1562.5284481893102,0.41183294663573083,0.0,0.15406587047988052,0.1929539980086448
davideshaghian,7323.236847079704,0.5,0.0,0.1865849564801978,0.23075029615388037
davidevokegpllc,192.1838435624479,0.2946635730858469,0.14972584627239743,0.22476904890646873,0.1930993713660324
davidlincoln,27607426.956794966,0.9431554524361949,0.0,0.35999236626602293,0.4517019795450937
davidlynn,210.77839504986483,0.2548337200309358,0.2559580248098155,0.3063205427221507,0.19761227766742576
davidwaxman,19685.712866729973,0.5504640371229699,0.0,0.22200235119293749,0.2652378272230582
davorinfreerunventuresfrivigpllc,186.42472228623708,0.29698375870069604,0.0,0.10939450140378487,0.14961555780069963
decilestartfundgpllc,18.842160090110657,0.14733178654292345,0.14972584627239743,0.17636109267886138,0.11536187418130785
dennyhou,4949.172293787416,0.4704176334106729,0.14972584627239743,0.293124700496035,0.2644746617398077
diondong,233.90205301110296,0.31206496519721577,0.0,0.11414927388155806,0.14510727579234434
diveshchestnutassetadministrationgplp,4005707.888607149,0.8642691415313225,0.0,0.3193422566450104,0.506685203419582
diveshmakan,30734.965531935504,0.5812064965197216,0.0,0.2167876477367461,0.27228849176692005
donaldpelgrimjr,2571140.616558941,0.6241299303944315,0.2559580248098155,0.5044255327947774,0.3599562601216227
douglasrenert,6.406516965284415,0.0962877030162413,0.0,0.04135491153787254,0.06721054341165274
douglaswall,155186.21083168755,0.6716937354988399,0.0,0.25088515217597385,0.3124664325409794
effiesoundventuresaicoinvestmentgpaiiillc,1346922.47734012,0.7882830626450117,0.0,0.31098737863423453,0.3643552725031243
effiesoundventurescoinvestmentgpbllc,179.44346127949768,0.29350348027842227,0.0,0.10859513437311363,0.1595801371715359
eladcosmicgimelalephllc,43638728.47824517,0.9582366589327146,0.0,0.36963410413438735,0.4826876294561646
eladcosmicgimelbetllc,218193642.39122584,0.9907192575406032,0.0,0.4035260626813496,0.6790666472163412
eladcosmicgimeldurablellc,41347695.2331373,0.9547563805104409,0.0,0.3684984672166153,0.4788657022774947
eladcosmicsgpllc,19687060.74598483,0.6560324825986079,0.14972584627239743,0.4676638728579792,0.3663741944669784
elbertmarcypencapitalpartnersllc,3410276.435290936,0.7648878576952822,0.2559580248098155,0.5103733051673656,0.4145463125684057
elbertmarcypenopportunitiesiigpllc,459538.50269036414,0.7262180974477959,0.0,0.2737458435768218,0.3277881971963314
emanuelhoneystoneventuresllc,2621.156612241336,0.4385150812064965,0.0,0.1649540853751217,0.2103822263960611
embeddingvcgpllc,5025526.322353682,0.8410672853828307,0.0,0.3387149465471114,0.38379591279195047
embeddingvcllc,2.6460063387231987,0.05916473317865429,0.0,0.026430337163397363,0.04267902919039876
emrosecapitalllc,2707.330080718686,0.4396751740139211,0.0,0.16563500678165163,0.21743995872654226
ericcontrarycapitalmanagementvllc,82822.83502637577,0.6392111368909513,0.0,0.23766232830971698,0.3034196060334726
erickutsenda,28.449591989639583,0.17053364269141533,0.0,0.07042204153810004,0.10043207650928103
erikoros,2111475.285382707,0.6502320185614849,0.5554097173546103,0.7280291168230986,0.4441988031930418
ervinmcwilson,58.11037343016314,0.20069605568445475,0.0,0.08509388539384553,0.09994818588664427
evalegalistgovernmentreceivablesgpllc,17.86110482899784,0.14791183294663574,0.14972584627239743,0.17526495528194436,0.133588978307705
evalegalistgpivllc,25.0177956626277,0.16589327146171692,0.0,0.06781293803458667,0.10420487949283033
evanferl,0.03927862002670442,0.004640371229698376,0.0,0.0,0.005416282949389185
everettsands,4.9932913820162845,0.08236658932714618,0.14972584627239743,0.14985380867939524,0.0936376260368268
finallyfundadminllc,984147.2913231567,0.5406032482598608,0.14972584627239743,0.4191710445374979,0.2922949121847069
fosterventuresfundigpllc,6186.484564977039,0.4872389791183295,0.0,0.18303326369203482,0.23082706694759025
fredchartwellfamilyofficellc,36840100.47278657,0.9501160092807424,0.14972584627239743,0.4808595106077258,0.48116492044874615
garrettgilbertson,2238.485821816772,0.31856148491879355,0.4056838710822128,0.4669969158222312,0.2579815753849224
garypost,41.48493330016355,0.18097447795823665,0.0,0.07813924973003114,0.10977178128887266
generalpartnerbsvholdingsigpllc,105.40904277831329,0.2529002320185615,0.0,0.09747370111634618,0.1327521164032201
generalpartnerfriendsfamilycapitaliiillc,80272.46257324824,0.6357308584686775,0.0,0.2370036934924854,0.30466536475051426
generationshipgpllc,28339.642982098045,0.5754060324825986,0.0,0.21507905306448966,0.2623030886411457
genevievelemarchal,6536.688187171377,0.49071925754060325,0.0,0.18419262569999437,0.22831409333553987
geoffreytabachnick,125.76075754387827,0.2679814385150812,0.0,0.10115912685236038,0.14109020577570142
georgeuntappedmanagementllc,5.367969992412783,0.08932714617169374,0.0,0.038173439438360816,0.05666630008240126
glennesundayventuresgpillc,203773.10641010982,0.6809744779582366,0.0,0.25662099754147916,0.30792186899607277
gokulrajaram,545553.9247467758,0.7389791183294664,0.0,0.2773589896011668,0.3333361878895056
gregoryanorakventuresfundiiigpllc,6519511.285568827,0.8921113689095128,0.0,0.3295992920310879,0.4042220366749038
gregoryarchercapitalgroupivgpllc,37890746.317630395,0.9274941995359629,0.14972584627239743,0.48145166846200216,0.47122172575927485
gregorycostanoaventurepartnersvllc,708333.0438546349,0.7587006960556845,0.0,0.28285755998493933,0.3397632387172033
gregoryhollencrestcapitalmanagementllc,225.47264733745078,0.30974477958236657,0.0,0.11337971129046198,0.15412657835252908
gregorykubin,12263.251247242266,0.5232018561484919,0.0,0.19744048142989848,0.24535830552384705
gregorypacificinvestmentmanagementcompanyllc,137486244.31632426,0.8128383604021655,0.6911992163733688,0.9086728245773393,0.6109109142304674
groupincthesyndicate,9492.676668687316,0.5127610208816705,0.0,0.19204824774924936,0.2298834027743295
grovefundigpllc,110.39818557815157,0.25870069605568446,0.0,0.09843860056972614,0.12909091914103338
gusspanos,417752.5787299117,0.7180974477958236,0.0,0.27173829301899016,0.3339709876878325
harindersingh,202467.59834640456,0.679814385150812,0.0,0.2564856507645111,0.3039235883631556
heathredtreegpiillc,52.34551946494543,0.19605568445475638,0.0,0.08293296187586321,0.12112377052958459
helenaspecialinvestmentsfundispvgpllc,2767887.3813739326,0.44663573085846864,0.2559580248098155,0.5120363402879408,0.2935596699737558
hemdeepsuri,111670.36860941775,0.4312645011600928,0.5554097173546103,0.6594203974193585,0.3510811158654198
hershelamgpllc,64612.657871804935,0.46210363495746326,0.2559580248098155,0.4268534478394211,0.28224691492513165
holliehaynes,3862371.0006638584,0.8625290023201856,0.14972584627239743,0.43336670366302277,0.48520835133881096
homankeymakerfundigpllc,2563.2981257449514,0.43735498839907194,0.0,0.16448422704242902,0.1999037629205666
homopportunitymanagementllc,407984.35730392585,0.7157772621809745,0.0,0.27124004517082584,0.3225330372028532
howardoaktreerealestateopportunitiesfundixmortgageholdingsaggregatorlp,0.049098275033380524,0.0063805104408352666,0.0,0.00019803547329773054,0.007159563437567679
howardoaktreerealestateopportunitiesfundixreitmfaggregatorlp,0.049098275033380524,0.0063805104408352666,0.0,0.00019803547329773054,0.007159563437567679
hubertryan,1425863.2899024868,0.5474187935034802,0.5554097173546103,0.7130553659310481,0.40469026033743466
ianhathaway,555.7405990072533,0.351508120649652,0.0,0.1323210931453656,0.1783961602359443
iasvseedventuresmanagementcompanyllc,1.2724342035225675,0.04176334106728538,0.0,0.01647439660643625,0.03633312889337348
ifccapitalpartnersllc,21.153378458489215,0.15893271461716937,0.0,0.06442696510747996,0.09084253538724622
igbetterfuturemanagementllc,292.75423499072974,0.2900232018561485,0.0,0.1334179691444409,0.14912498206593
igventuresgpllc,772412.2573635607,0.43119757272889525,0.7902608905201378,0.8821272711042274,0.4173197669893733
impressionismcapitalgpillc,30.14054061000743,0.1740139211136891,0.0,0.07159773401020027,0.10078733760654426
inceptionstudiocapitalllc,422.76925525420046,0.33642691415313225,0.0,0.12657407713523275,0.16326600700509586
incthesyndicategroup,346768.10518976784,0.45823665893271465,0.14972584627239743,0.3826083218907778,0.2611654778466425
iontigfpartnersiillc,16065159.96341284,0.9222737819025522,0.0,0.3485907545621887,0.4225094098592792
ivpxviifgpllc,353.56250741744316,0.3236658932714617,0.0,0.1228192961823239,0.16167163306075133
jackaltcapitalgpiillc,20860999.505841974,0.9338747099767981,0.0,0.3540917696136289,0.4542412302923348
jacksonbagventuresfundigpllc,957002.2678122931,0.781322505800464,0.14972584627239743,0.40398558247216443,0.38849963076886374
jamescressetpartnersllc,1.0417198689350236,0.037122969837587005,0.14972584627239743,0.12309657510328868,0.07254874903390024
jamesdunford,9694.325962841633,0.23390371229698376,0.33835810410797157,0.4481086606505078,0.21795335065705937
jameshealy,8151707.150155335,0.9002320185614849,0.0,0.33430429491727964,0.45154981961802526
jamesnomadgpiillc,8895.718452725872,0.5104408352668214,0.0,0.19068065144764954,0.2401813017425734
jamespathwaymartellomanagementllc,4930261.908426647,0.7935034802784222,0.0,0.3468503201993037,0.3733032285026086
jamespcifmanagementllc,10023087.342414862,0.9106728538283063,0.0,0.3386562739588169,0.42131127387495104
jamespgofmanagementiillc,32270283.709139604,0.9489559164733179,0.0,0.3632787593678262,0.45667816493080665
jamesppefmanagementinvestorsllc,966166.5737279132,0.7784222737819025,0.0,0.28939449594532163,0.36794568886224854
jamesreinhardt,236746.8712480002,0.6577726218097448,0.14972584627239743,0.3745711410833647,0.38137766232512277
jamessweetwatersecondariesivgpllc,2565112.387613724,0.834106728538283,0.0,0.30995621444368393,0.3744497659977881
janewovenearthfundigpllc,8288317.542707534,0.9025522041763341,0.0,0.3346542752638659,0.40838477112715466
janewovenearthfundiigpllc,401317.57332460245,0.7146171693735499,0.0,0.2708930950867756,0.3364179661511858
jasoncalacanis,1796062.980337356,0.8109048723897911,0.0,0.30245094406903983,0.36347189553233455
jayaurora,864127.1029909058,0.7726218097447796,0.0,0.2870440518141299,0.34521966302259427
jeanfrancoisclavier,12454.11186560402,0.5179814385150812,0.14972584627239743,0.31255662118504146,0.2941315769346574
jedrockrosecapitalmanagementllc,363.3941523958219,0.3259860788863109,0.0,0.12339527032894088,0.1683872055651222
jeffreylu,0.5338514350220734,0.027842227378190254,0.0,0.008197032509592238,0.02558026969339494
jennabryant,232638.61559209818,0.677107501933488,0.2559580248098155,0.4538305965057659,0.3705652290568542
jeremythehousefundbreakoutixgpllc,78.57838436185169,0.22621809744779584,0.0,0.09135526510184078,0.11874227524790049
jeremythehousefundbreakoutxgpllc,378.81013942703436,0.32830626450116007,0.0,0.12426782718601737,0.16127468548008173
jeremythehousefundbreakoutxigpllc,460.86426422831767,0.339907192575406,0.0,0.12838681304963712,0.1637405206119406
jeremythehousefundbreakoutxiigpllc,17123660.97766887,0.9269141531322506,0.0,0.3499344448718372,0.4306654850904666
jeriavantecapitalpartnerssbicgpivllc,162360905.2351108,0.988399071925754,0.0,0.3973020572333445,0.5184900866878857
jessicahalogenventuresspvllc,1781328.046953975,0.8097447795823666,0.0,0.30227746926073523,0.3634079615368555
jessicamahwaymanagementllc,7664.510646907454,0.505800464037123,0.0,0.18754399516412082,0.23901900591084016
jicgcreditopportunitiesiiigpllc,131876395.90567058,0.984338747099768,0.0,0.4075193261088559,0.5084663097402353
jieaquilaxllc,0.09452833899247964,0.010440835266821345,0.0,0.0010907481068415858,0.012257559911440527
jiechen,148541169.29525194,0.9872389791183295,0.0,0.3954287248550663,0.5242850208006041
jillianjaccard,6970.426088533335,0.4953596287703016,0.0,0.1855453280279675,0.22793878918487143
jimbonfireventuresassociatesivllc,571.004062584973,0.3538283062645012,0.0,0.1328906489713216,0.19061340518684458
jimsasglobalgpillc,4551516.818968591,0.8735498839907193,0.0,0.322032242705862,0.3958002218158866
jocelyngoldfein,30104.968665014432,0.5794663573085846,0.0,0.23094765289298874,0.27952690690479026
johncurrentequitypartnersllc,42431.441242711575,0.548723897911833,0.0,0.24671303892731689,0.25967517569624204
johndavidsectionpartnersassociatesvllc,2023.0867916810803,0.4280742459396752,0.0,0.15950255549136028,0.2154499744533005
johndavidsectionventuresassociatesiillc,1426346.5146909703,0.8004640371229699,0.0,0.29759742407263734,0.36462757149905733
johnfisher,330564.740181104,0.6496519721577727,0.0,0.28140528612417004,0.3086510334304347
johnglobeadvisorsllc,45.881684982109086,0.18793503480278423,0.0,0.08021301612181321,0.10181012255192329
johngoldenpeakequityllc,8.336968691919791,0.10904872389791183,0.0,0.046232454014842855,0.0761050376609525
johnhollyventuresfundigpllc,23492.66183201525,0.5626450116009281,0.0,0.21112923463422353,0.26454665655462917
johninvictusgrowthpartnersiigpllc,52147.02018125846,0.34976798143851506,0.14972584627239743,0.342711744438244,0.23759819939325116
johnjsvkventuresfundigpllc,863002.7575472094,0.771461716937355,0.0,0.28701663438247166,0.3444682209498384
johnoffundigpllc,103.47960457575164,0.18329466357308585,0.2559580248098155,0.29137345628502764,0.16761376930007588
johnroos,29344.31447027615,0.5765661252900232,0.0,0.2158126378717369,0.2869479473071229
jollyvcllc,109.87328834727562,0.25754060324825984,0.0,0.09833914163594108,0.13112131782412273
jonathanting,2059.002328430156,0.42923433874709976,0.0,0.1598729382706605,0.20187507082200024
joncarloupwellinggpiillc,5722.863726601754,0.48259860788863107,0.0,0.18139315012015442,0.22501451101485234
jordiparramon,1276.3788635901142,0.40023201856148494,0.0,0.14980926206413261,0.20448781977015423
josephmontana,45.575917037567265,0.18677494199535963,0.0,0.08007522180383168,0.11557147094032794
joshhile,452544.97715973103,0.26653132250580047,0.2559580248098155,0.4739008454248379,0.21617901672149167
joshtroycapitalpartnersxgpllc,2842.939725880873,0.435614849187935,0.14972584627239743,0.28145196314288273,0.24538607604670568
joshuabloom,4049262.728806611,0.8665893271461717,0.0,0.31956999125030044,0.396406781471089
joshuacongruentventuresiiigpllc,4527605.667133449,0.8723897911832946,0.0,0.32192132267796436,0.3925678443480304
joshuahile,115678.81252402544,0.37746519721577726,0.4056838710822128,0.559967718494714,0.29023927271483274
juliaepventuresgpillc,1242.2754091966713,0.3990719257540603,0.0,0.14923940750174094,0.19077221988966198
juliehowwomeninvestiiigpllc,22454.51485097569,0.5591647331786543,0.0,0.21017751842955396,0.25714578451099857
julietlongitudeeastpartnersllc,59868766.0112452,0.9663573085846868,0.0,0.37629293389045515,0.46051663024562656
juniperocapitalmanagementllc,618073.6892555536,0.7482598607888631,0.0,0.27998718275611867,0.3342591081621854
junzhenlee,499196.34389391384,0.7320185614849188,0.0,0.2754889743589556,0.327275691161702
kahramonjuraboev,13368.104795172425,0.4338747099767981,0.2559580248098155,0.3936757636422861,0.2635840993545802
kameshraghavendra,1597836.6525196747,0.8051044083526682,0.0,0.2999882577532939,0.36052137787732463
katesondercapitaladvisorsiillc,41399.49576632199,0.5928074245939675,0.0,0.22306004724850323,0.27197260701117987
kazsazypsycapitalgplp,1063.5464298419213,0.39327146171693733,0.0,0.1459711545774716,0.18692364938297906
kellypond,154.12312814063662,0.2819025522041763,0.0,0.1054111611679051,0.13360270714068698
kembolventuresllc,0.2966290785462974,0.01740139211136891,0.0,0.004658950969735646,0.02077891453503387
kenanvgpilp,1456207.5602369912,0.8016241299303944,0.0,0.2980337341270542,0.3823644573025496
kennethhood,0.2075938419302737,0.015081206496519721,0.0,0.0031609073243154422,0.01918766957993119
kerstinlpointwtholdingsiigplp,3340938.860840831,0.8538283062645011,0.0,0.3155208481824931,0.38265181282086796
kevalshaktigpiillc,74.94920980096987,0.22157772621809746,0.0,0.09037231451287661,0.1251801126230634
kevinemergentstrategicpartnersllc,34.75575890157619,0.13051044083526683,0.14972584627239743,0.18900324345160835,0.12019684149014279
kevinliongpmanagerinc,9225.715188307646,0.5029002320185615,0.0,0.2060429369865501,0.23888057733888846
kevinmandia,17629508.38692998,0.9303944315545244,0.0,0.3505475122402894,0.43734402447198245
kevinmangustacapitaligpllc,24015078.47322596,0.9373549883990719,0.0,0.3570567835786171,0.4361771817438317
kevinnightcapitalopportunitiesgpllc,563705.8375325378,0.7331786542923433,0.14972584627239743,0.392840018286265,0.3654528479477456
kevinnovak,474.1411548877018,0.34106728538283065,0.0,0.1289836226262404,0.16825321460994475
kevinresidencyfundigpllc,1816232.6743528733,0.814385150812065,0.0,0.30268610909516525,0.36951046052838665
kevinslowventurescreatorfundgpillc,168.85959369662154,0.2877030162412993,0.0,0.1073222612573907,0.15290997692882435
kevinvilkin,769221.4839287002,0.7621809744779582,0.0,0.2845941176092969,0.3490449779710987
kittyhawkheavygpllc,2.7434625166507915,0.060324825986078884,0.0,0.026985824002128535,0.04721951995228707
koichironakamura,3523435.198600951,0.857308584686775,0.0,0.3166408220227906,0.39914313772310317
kristinaoverwaterventuresspvgpillc,35443.26028197994,0.3248259860788863,0.14972584627239743,0.33458053175663816,0.20803206377862188
lachylgfopportunitygpillc,3830.8354898787293,0.4605568445475638,0.0,0.17294246850821482,0.2215309402172499
larsenharpoonventuresiiigpllc,7877.1883964547105,0.4860788863109049,0.14972584627239743,0.30291074971327897,0.261658479631165
laurencejrmarcyventurepartnersgpiillc,52.89466821787361,0.18155452436194897,0.14972584627239743,0.19774414745786484,0.1335742145493679
laurencejrmarcyventurepartnersgpllc,34.17597838984214,0.1676334106728538,0.14972584627239743,0.1886540615817905,0.12812718392181496
leelongjourneyfundivgpllc,3267527.549818541,0.851508120649652,0.0,0.31505297035286284,0.3831662423847707
leonardhochschild,146.2492258214925,0.27494199535962877,0.0,0.10431418150568524,0.14734380926645685
levelizedcapitalmanagementllc,20.39908727992137,0.15777262180974477,0.0,0.06369747039432244,0.08651451532054762
lexiventuresfundigpllc,1434.279400580806,0.40835266821345706,0.0,0.15226358770163273,0.1885406135002657
liorsusan,20015345.492999658,0.9327146171693735,0.0,0.3532203345169327,0.42781734744183747
lipbusaliencecapitalpartnersgpillc,6687283.925440795,0.894431554524362,0.0,0.33013434826960686,0.409739218679662
liusunflowercapitalinvestmentfundiigpllc,6477.582619793655,0.4895591647331787,0.0,0.18400137755133877,0.24410043488825836
liusunflowerivygpllc,49479.28191080414,0.5997679814385151,0.0,0.22681434275387283,0.2719561215601262
llcdruidpark,73005.21987476909,0.6252900232018561,0.0,0.23500538174697322,0.2823829319754636
llcinvisiblegroupmanagement,342.58868556360187,0.32018561484918795,0.0,0.12215723727715197,0.15314776732312785
llcmontyassetmanagement,7.268577365700029,0.10208816705336426,0.0,0.04367347180988059,0.059415055430121363
llcrscmgp,244273.53874073346,0.6937354988399071,0.0,0.26043845315554415,0.313652091168923
llcstarshipventuresgpi,705093.2634144382,0.523491879350348,0.33835810410797157,0.5383804409384219,0.33510900596319493
loganfincapitalharborgpllc,5.8999701430782014,0.09164733178654293,0.0,0.03986307716702409,0.0631826345271631
lyonvgeneralpartnerfundillc,574.0366842603681,0.31206496519721577,0.14972584627239743,0.24777547425574534,0.194600517936797
malikacapitalpartnersillc,194004.20086235806,0.6786542923433875,0.0,0.2555864665692731,0.3085149719669349
managingmemberfriendsfamilycapitalmanagementllc,478.22234978638113,0.3422273781902552,0.0,0.12916372879950444,0.1718805720583233
manublgcirclegpalp,2.7963192784948387,0.05104408352668213,0.14972584627239743,0.13909891145754788,0.07269301359930011
marcosfiatventuresgpiillc,75965.83480921997,0.6299303944315545,0.0,0.23584249424828943,0.2914498349620278
marinadvcgrowthfundgpllc,2439.7396373586093,0.43503480278422274,0.0,0.16344429270995825,0.20848348999198368
markdyne,84871673.58376767,0.9756380510440835,0.0,0.3836419596628156,0.48563953943259236
markfdvcmanagementllc,47897.530131491214,0.5013921113689095,0.4056838710822128,0.5315021320546561,0.33751481771508407
markhanf,114.73085356411515,0.1511987625676721,0.2559580248098155,0.29354034080684327,0.1537563840196264
markupfrontsecondarygpiiallc,51.67352908504679,0.1925754060324826,0.0,0.0826660072756292,0.10844322805093587
markupfrontsecondarygpiiillc,1.0778283770319146,0.0382830626450116,0.0,0.01458908667498604,0.03803071587742016
martinrudigier,83739.6691420445,0.20351342393105734,0.7440419751901844,0.7913747217565029,0.30940673366556426
mattheroicventuresgpiiillc,95.64870514682121,0.24245939675174014,0.0,0.09544773341134866,0.12352189303254188
matthewevanticigplp,1005070.2044951399,0.7865429234338747,0.0,0.2902257996866114,0.3852948045129861
matthewfordstreetmanagementllc,359.93164914350575,0.3248259860788863,0.0,0.12319421628997015,0.15701423067395642
matthewknudsen,9.0158439391448,0.11136890951276102,0.0,0.04771046122970434,0.0636873502317029
matthewkozlov,915.1989650805509,0.3805104408352668,0.0,0.1428109302449049,0.17685635898258742
matthewmachinaventuresiigpllc,161148.92992937696,0.6728538283062645,0.0,0.25167911112309505,0.30371127211364235
matthewspeaker,224.5386825318337,0.308584686774942,0.0,0.11329268825095158,0.1508949917735912
mattsvandromedafundgpllc,861.8071383665571,0.2575406032482599,0.14972584627239743,0.25632612871084887,0.16908850664377223
maxgazor,43337907.71541216,0.9489559164733179,0.0,0.38408490971944176,0.4573185385281944
maximnazarov,720909.6009749433,0.5514169705004972,0.9326742330257586,0.9775365903149131,0.4958538515301681
melissaasiaalternativesgpsidecarllc,4521.310741792722,0.4756380510440835,0.0,0.1764313830337078,0.228297902937542
meyermalka,5145343.58360575,0.8793503480278422,0.0,0.32461465011607354,0.42768618724728236
michaelcamberpartnersmanagementllc,0.9388366574618817,0.031322505800464036,0.0,0.013131114665892025,0.030333942736115976
michaelcendanacapitalvigpllc,3487.5905364250416,0.45243619489559167,0.0,0.17096623244680365,0.2405232257077099
michaelcendanalonghornsgpllc,702.8243615168142,0.3654292343387471,0.0,0.1372577683332899,0.20231063155421627
michaelhalcyonfuturesinvestmentsgpllc,706420.0118971682,0.7575406032482599,0.0,0.28280060999196927,0.34469179567275615
michaelheroicventuresspvgpllc,202.08481427865033,0.3039443155452436,0.0,0.11108435106779949,0.14853934863960738
michaelsevenhilltechventuresfundigpllc,7322.654347036019,0.4988399071925754,0.0,0.1865832816403046,0.23077789761855816
michaeltipmanagementcompanyllc,72.20292108097519,0.22041763341067286,0.0,0.08959674941485458,0.11126561378391825
michelangelochaoticagpillc,18288.779199624707,0.5452436194895591,0.0,0.20585649349952448,0.24979577657689464
michellepaxmanagementllc,332651.3355829275,0.35638051044083524,0.4056838710822128,0.5723136129419987,0.2867630067836677
mingranwang,1141995.126826932,0.7923433874709976,0.0,0.29291534630898086,0.35439187983114107
mohammednadeem,25922.5100817846,0.5707656612529002,0.0,0.21320178011157703,0.25304160437605555
mojkinshipventuresllc,12.288349204429437,0.12877030162412992,0.0,0.053664039711762056,0.07637621825245308
morganmvfundsllc,308104.5359863101,0.7018561484918794,0.0,0.26532711981094664,0.3149632246355003
moritzdoepfnercapitalgpillc,25255809.47824952,0.9419953596287703,0.0,0.3581175786472657,0.4400219543207812
nakulaudaciousspvgpiillc,5315155.406613069,0.8805104408352669,0.0,0.3252984138040852,0.39707265683313964
nardomanalotojr,325539.536300013,0.40371229698375866,0.14972584627239743,0.3812780241315494,0.24169663418743248
nateredmond,80.10184214128851,0.228538283062645,0.0,0.09175459648406868,0.1184199187777096
nathandingler,251071.06620361435,0.6960556844547564,0.0,0.26101644469766705,0.31135572769346076
neilnecessaryventuresgpillc,953.7148813856651,0.38167053364269143,0.0,0.14367809226638378,0.1757786612164667
nemanjabbqcapitalmanagementcompanyllc,13.628277555367758,0.1177494199535963,0.14972584627239743,0.16974650671909783,0.11168056799939863
nemanjakostic,3274.2986429469465,0.44779582366589327,0.0,0.16963769340875928,0.21583180725792753
nevillearcfundiigpllc,28844607.120914523,0.9454756380510441,0.0,0.36091552274410293,0.43773859077999966
nevillearcgpmanageriillc,8216408.048037558,0.9013921113689095,0.0,0.3344707765334479,0.40896805943491177
nicholasfoglineventuresgpllc,144921.02818839884,0.6682134570765661,0.0,0.24944400209187995,0.2969813743935505
nicholasnaclerio,1937727.881907031,0.8213457076566125,0.0,0.30404966627682045,0.37846530125136535
nicholaspanagotacos,77691.36987679872,0.6310904872389791,0.0,0.23631546676416407,0.28646884544687345
nicopatternventuresfundigpllc,180.36224544801306,0.29466357308584684,0.0,0.10870208700197644,0.1522116189887822
nikhilbasutrivedi,686.5011559569724,0.36078886310904873,0.0,0.1367636294082428,0.1932519383270627
nikolaigagarincapitaladvisersllc,4960.221940623385,0.26740139211136893,0.14972584627239743,0.29317165854951777,0.1774879246430751
nonedraperassociatesviiillc,24455292.258180425,0.9385150812064965,0.0,0.3574393013876954,0.4361318705383068
noneprivatemoneymanagementgroupllc,351.61548568266926,0.3225058004640371,0.0,0.12270333954852289,0.16886534561156866
noramaycadena,239421.6845013266,0.6902552204176334,0.0,0.26001597801707244,0.3078321776631453
notablecapitalmanagementllc,237511.4695521412,0.14936194895591648,0.14972584627239743,0.403831952349254,0.14295701241429382
notapplicableblackhillscapitalllc,212099.4508258144,0.6832946635730859,0.0,0.25746433715164957,0.3099816536989379
osbornepartnerscapitalmanagementllc,413.78523356461994,0.3352668213457077,0.0,0.12612283612716826,0.16834917310634717
pachamamaventuresllc,95.37376962634285,0.24129930394431554,0.0,0.0953877438472381,0.12219224882977442
pasadenaprivatewealthllc,346.08103591813114,0.3213457076566125,0.0,0.1223701999700043,0.16029811389579315
patriciaportfoliaventuremanagementllc,0.9410335775976924,0.03248259860788863,0.0,0.013154962533658304,0.03508028980079924
patriciatvgpllc,78.97535846468419,0.2273781902552204,0.0,0.09146005236928009,0.14019622308397686
patrickdaniels,417934.93214994547,0.7192575406032483,0.0,0.2717474831437741,0.3507867302884872
patrickgaipmanagementllc,915.1038886764916,0.30104408352668216,0.14972584627239743,0.2575890412822124,0.19325118483577114
patrickironarcgpallc,25735.451840735375,0.42401392111368913,0.14972584627239743,0.32784066138392803,0.24891764516276008
patrickironarcmanagementllc,9.863793104069545,0.11832946635730858,0.0,0.049421808867589664,0.07587186958734174
patrickpatterson,522522.893773166,0.7366589327146171,0.0,0.2764506884999963,0.3295879199306111
patrickwatchfireventuresgpiillc,1935.0754352244328,0.425754060324826,0.0,0.15856639632537975,0.20065445085411415
patrickwatchfireventuresgpillc,61312.23152708318,0.6067285382830626,0.0,0.23132968442696844,0.2786578621433666
paulbricault,340717.15256865293,0.7041763341067285,0.0,0.26744585917242925,0.3224830815590077
paulmanifestsendosogpllc,71.19619380797805,0.21577726218097448,0.0,0.08930513468887671,0.11190344581877457
pengwang,2693244.7929990846,0.8364269141531323,0.0,0.3109826865442464,0.3752829142422694
peterthefoundersfundgrowthiiimanagementlp,139848.03376930376,0.6635730858468677,0.0,0.24869364685710302,0.5167938978399514
philiplawrence,1907.6212422005847,0.4245939675174014,0.0,0.15826564578111832,0.19736608534698372
philippfyrflyventurepartnersgpiiillc,64.32686722167081,0.20533642691415313,0.0,0.08719964723174667,0.11995012377483011
philipwindyoaksgpllc,12339.457598623172,0.5243619489559165,0.0,0.19757092622862887,0.25591718147787496
povventuresllcshekar,2268641.5554859256,0.8306264501160093,0.0,0.30736981762410676,0.37286784438961235
prateeksharma,36139.64510721511,0.5870069605568445,0.0,0.22019876231563543,0.2696558389405427
premierfundigpaseriesofdecilecapitalgpllc,321.40610631511834,0.3167053364269142,0.0,0.12081723061572687,0.1570330283583488
premierfundiigpaseriesofdecilecapitalgpllc,3898.6016434850203,0.46403712296983757,0.0,0.17331162980991152,0.214691605147996
progressiveventuresgpllc,3572820.2797655677,0.6589327146171693,0.0,0.3315303980710937,0.31198037288710934
propelbiomanagementllc,133.09103048266442,0.2703016241299304,0.0,0.10234296716533432,0.14131070988341116
quinnlarson,370.89347349521614,0.3271461716937355,0.0,0.12382425513043305,0.15177271054204342
rachelwellnessgrowthventuresllc,0.4217678039843968,0.019721577726218097,0.0,0.006599114608818072,0.021065629426771915
rahulepicrampgpllc,4403941.350035513,0.8700696055684455,0.0,0.32133814913659503,0.3912862864152252
rahulnomoventuresgpllc,71126.9706527921,0.6206496519721578,0.0,0.23445651966493067,0.2815196968229216
rajankasetty,29527.35777824524,0.5777262180974478,0.0,0.21594358216289136,0.2731082658042986
raouleudemianventuresfundiigpllc,3.927862002670442,0.07888631090487239,0.0,0.03277461771558513,0.059039893869226624
raviviswanathan,1888.3973075261263,0.4222737819025522,0.0,0.15805246828887265,0.20581861835221182
razmigplaytimegpillc,3593.4660535091666,0.45707656612529,0.0,0.17159582505574225,0.22329373003349484
recallcapitalfundigpllc,17.20948598348447,0.14617169373549885,0.0,0.060298549519068115,0.08927381515963664
redpointomegaivcllc,1232.3360329429001,0.39791183294663574,0.0,0.14907038052355218,0.1960869968716722
redpointomegaivfllc,151.9498647131088,0.27958236658932717,0.0,0.10511405040269364,0.14414077611497894
redpointomegavllc,14280.732884225745,0.5359628770301624,0.0,0.2006474998226971,0.2503098074758509
redpointventuresxllc,102983.54241664185,0.6473317865429234,0.0,0.2422501440277674,0.3389019833996171
reggieknox,1798964.8028345539,0.8120649651972158,0.0,0.3024849395261135,0.36394337356856565
rennickstratosventurefundiiigpllc,6542.492259027119,0.4918793503480278,0.0,0.18421131264519933,0.2328079535868025
republicsgpllc,12475.904474088356,0.525522041763341,0.0,0.19780248689674418,0.2351909442409518
resonantprivateequitygpllc,162.23137723160295,0.2853828306264501,0.0,0.10648406909518979,0.14900379629639424
revitatepcswgpllc,26176.04132222656,0.5719257540603249,0.0,0.21340672874618244,0.26855138957023705
richarddesilva,681.0340224584899,0.3567285382830626,0.14972584627239743,0.25137185039054344,0.21886156908848103
richardgoldman,46221234.525771596,0.5059059270196161,0.5943161289177872,0.8190518591039365,0.4385430156035675
richardlarson,7479.685048820193,0.5034802784222738,0.0,0.18703003133730253,0.23284288435487624
rickcrosscutfundmanagerllc,3705019.786720001,0.8607888631090487,0.0,0.31769904503966356,0.3863260344156087
roberteakin,33974834.532117344,0.951276102088167,0.0,0.36436269720225495,0.4424791713044175
robertmackey,1132861.8175548776,0.7819025522041763,0.14972584627239743,0.4075380358495172,0.38758817956199165
robertsepviiiholdingsgpllc,9412911.631723186,0.8781902552204177,0.14972584627239743,0.4521254211189953,0.4577181815041985
robinbatchventuresgpllc,33.02731152888111,0.1751740139211137,0.0,0.07346461082793325,0.09872299330862264
robinchoy,3573.190459471461,0.45591647331786544,0.0,0.17147670375878651,0.21488588830241506
robness,5.3771779168165,0.0843000773395205,0.2559580248098155,0.230298568353725,0.11666633150004707
robsingh,643656.2335840717,0.7540603248259861,0.0,0.28084124320038645,0.35675200802031337
rogeranchoratincspvgpllc,16674.03653706672,0.5411832946635731,0.0,0.20391008697611024,0.25081388780131064
ronaldconway,375418.89655456407,0.7064965197215777,0.0,0.26948828952107773,0.34354352944946415
ronnielionbeecapitalspvaxgpllc,194.34645717831498,0.30162412993039445,0.0,0.11026625857741942,0.14612831765346046
ronnielionbeecapitalspvigpllc,0.4377002573452136,0.02320185614849188,0.0,0.006833782861563839,0.025358003020033756
ronnyconway,239285788.11002868,0.9854988399071927,0.14972584627239743,0.5202610203857859,0.6411788141203243
rossnelson,821839.5999077547,0.7691415313225058,0.0,0.28598746284765475,0.3574609693495591
rslsfundgplp,52.081949662069036,0.1531322505800464,0.14972584627239743,0.19742115597237614,0.12615258729289813
ruchispcgpiiillc,7289.127714416595,0.4976798143851508,0.0,0.18648665864180597,0.24139320298535843
russellgimelstob,2109.315146329274,0.39675174013921116,0.14972584627239743,0.28370460615855125,0.2534530375761788
ryanjpgpllc,7358.401763897936,0.5023201856148491,0.0,0.1866858188521503,0.23607166350487058
ryannextlegacyinflectionfundgpllc,9403347.555679735,0.9083526682134571,0.0,0.33731222198567257,0.41307960891096196
ryotarotamura,546562.1114385654,0.7169373549883991,0.14972584627239743,0.3921896430685235,0.3611394665260502
sameergandhi,3673.132128497601,0.4582366589327146,0.0,0.17205745353142438,0.21952957988639463
sameetmehta,836.195472617568,0.37935034802784223,0.0,0.14091198141481157,0.18673872677201384
samuelhelenaspecialinvestmentsfundiigpllc,65666827.207525685,0.968677494199536,0.0,0.3782395371522781,0.48495526212292384
samuelhsimspvgpllc,28227927.64878298,0.9443155452436195,0.0,0.36046042817010193,0.4467886813706604
sandhyavenkatachalam,8718419.713674443,0.9048723897911833,0.0,0.3357196334242275,0.41199944980375885
sarahfathomventurepartnersllc,1.4035134744009214,0.04408352668213457,0.0,0.01765534416609417,0.03455723662156805
sarahguo,1586.754817864679,0.41299303944315546,0.0,0.15438965933221319,0.21114806296528885
sarahlucas,927.0214992903533,0.33642691415313225,0.4626069959801624,0.4903661865577201,0.27808327248885617
satishredpointviiannexfundgpllc,30563041.462892685,0.9466357308584686,0.0,0.36213413117162474,0.43904518265502435
satyashayeemisra,16364.523179341939,0.5382830626450116,0.0,0.2035155414304324,0.24084784961923913
scottbpcascaymanllc,23685.048253025612,0.5638051044083526,0.0,0.21130097563703146,0.26557650745833644
scottbpcasllc,469531.65500267054,0.7076566125290024,0.2559580248098155,0.46861873198248527,0.40209417471167647
scottbpcopportunitiesfundvugpllc,113.33277559637865,0.26218097447795824,0.2559580248098155,0.2932829070181342,0.22576805740112363
scottredpointomegaivillc,16669.908064196443,0.5394431554524362,0.0,0.20390487264203233,0.25278351568608104
sebastianevans,2081068.900526757,0.769431554524362,0.33835810410797157,0.5611719330314201,0.4330363967602766
seeclarificationseeclarification,2391509.3318834696,0.6000580046403712,0.2559580248098155,0.5089584726447759,0.35570392714887455
semilhaystackgpviiillc,53432.79812958914,0.6032482598607889,0.0,0.22843307472333155,0.28831087569573927
semilhaystackneedlesgpllc,13366.638066530195,0.5324825986078886,0.0,0.1992546101087013,0.251080167146469
shailesharcmanagementllc,5528457.199263721,0.8816705336426914,0.0,0.3261269832141326,0.39921808654947466
shaminbamventuresgpivllc,577352.8968616555,0.7436194895591647,0.0,0.27855198058011504,0.34204715039268874
shieldcapitalfundiigpllc,380134.1962700687,0.7082366589327146,0.14972584627239743,0.3845429006833659,0.3782074453746864
shomikdutta,26777.275436266013,0.5730858468677494,0.0,0.213884923872868,0.25982523051739376
shrutigandhi,220920.84472747377,0.685614849187935,0.0,0.25832244028098533,0.30939520668473525
shuckervcgpllc,1.5059110387943762,0.04756380510440835,0.0,0.01853391032003926,0.04158198981184719
sibleysimon,1938.2709359162918,0.42691415313225056,0.0,0.15860112441783333,0.20172972477453247
snydercapitalmanagementlp,3308.230991520949,0.44895591647331784,0.0,0.1698547362406622,0.21917146887327735
sohilaarchangelxllc,3.8501799009415016,0.0765661252900232,0.0,0.03244001408425021,0.053232526359119285
solomonbier,794923.1838361941,0.765661252900232,0.0,0.28528622885496724,0.3489391570694719
spatialcapitalllc,65.09163119328662,0.2099767981438515,0.0,0.08744473873830146,0.1126795947861757
srinivassamsaraopportunityfundgpllc,11678469.287204834,0.9187935034802784,0.0,0.34187514946134867,0.4266826867165123
sriramkearnyjacksonllc,557769.6439542739,0.7412993039443155,0.0,0.27782531121468235,0.33271190607427803
stacybrownphilpot,408.9175115714992,0.33410672853828305,0.0,0.1258742448934791,0.17911197029157458
steelpeakcapitalillc,1092280.0512797025,0.7900232018561485,0.0,0.2919780537184214,0.3577484033068855
stephenprough,141853.34100309576,0.39153132250580047,0.14972584627239743,0.3637851773184337,0.23515889399751483
stephenriotventuresfundiiigpllc,66377169.83896718,0.9698375870069605,0.0,0.37846610894460647,0.4679880194934219
stevefutureventuresgpivllc,11151.894736319027,0.4738979118329466,0.14972584627239743,0.3102310158985827,0.27244978867951547
stevekindredgmfgpllc,1440187.9461160104,0.6629930394431555,0.14972584627239743,0.4125925761703203,0.3472143360456772
stevekindredpaigpllc,222944.753009349,0.6867749419953596,0.0,0.2585144807837517,0.3121732384651601
stevencapozza,895668.7768809986,0.7749419953596288,0.0,0.2877990065243037,0.34655207438420654
stevendidion,20.18545784452579,0.1554524361948956,0.0,0.0634861870984305,0.09735525419941499
steveneastlinkcapitaliillc,7391922.525300741,0.5029002320185615,0.0,0.346840436152901,0.26153722515505645
stevenjcsdcapitalllc,33.40797591009415,0.17633410672853828,0.0,0.07369888211571245,0.10934787679117604
stevenurbanitecapitalllc,4093.285927694302,0.46751740139211134,0.0,0.17433754434784585,0.21834780873518472
stevenweintraub,125.39577756592651,0.25835266821345704,0.4056838710822128,0.4209167091843061,0.23691294909207414
sudarshansffundigpllc,12799.788164641055,0.531322505800464,0.0,0.19834215637720706,0.24226790070180726
sunilangelcollectivemanagementllc,1250541.2329784795,0.7650812064965198,0.14972584627239743,0.40961921063800477,0.38139309507620145
tabreezverjee,2531701.4799868604,0.8329466357308585,0.0,0.3096801261516689,0.374387680907255
taehonggsfuturesllc,233436.5115189341,0.6879350348027842,0.0,0.25948286463664805,0.3235223632829976
taraschumachenko,164397.7867411317,0.32264390675063526,1.0,1.0,0.4186349020156707
tarekwaked,3333.9633989565054,0.45011600928074247,0.0,0.1700178507898243,0.21878467243667277
tashnguyen,8041.848892974497,0.5081206496519721,0.0,0.1885558914175527,0.2377804945259834
teamignitemanagementllc,3371610.819845347,0.8549883990719258,0.0,0.31571329438021606,0.383099299948446
terrenceotherwisefundoperationsvllc,607.5062367272004,0.3561484918793503,0.0,0.13419333530557656,0.17991231042128478
tesseraktventuresllc,342749.4796296473,0.7053364269141531,0.0,0.26757109504101834,0.3187335987758769
theodoremaidenberg,4491143.52341154,0.8665893271461718,0.14972584627239743,0.4365428383859611,0.43234586405587444
theveteranfundgpllc,3255367.4351444817,0.8503480278422274,0.0,0.31497445581234756,0.3852803683758718
thomasheavybitholdingsvopportunitygpllc,108.25554417908718,0.25638051044083526,0.0,0.09802961846130923,0.13202943651299592
thomassilverstonesequelgpllc,266.89550424233767,0.302784222737819,0.14972584627239743,0.23166937937284815,0.19706490786765768
tianxiangzhuo,132.45473641191595,0.2697215777262181,0.14972584627239743,0.21695555098565233,0.17565434851626716
timothyballard,82077.96041775327,0.6380510440835266,0.0,0.2374720844949677,0.2911670115332595
timothybuchananstreetpartnerslp,2585688.570822557,0.45823665893271465,0.2559580248098155,0.5045443481898546,0.30138292914692916
toddtoddrahulcapitalfundiiigpllc,2678.5207445255537,0.4385150812064965,0.0,0.18000234610264018,0.2130399724461716
tomoyaochinero,575346.1669682048,0.7277648878576953,0.2559580248098155,0.4728985289529774,0.39590725506305713
tomplatinumcreditopportunitiesllc,85.35491008199108,0.2308584686774942,0.0,0.09307621255577785,0.1327967129451203
tomplatinumcreditopportunitiespartnerslp,402.12841202183176,0.3329466357308585,0.0,0.12552255520584235,0.1898695905642408
tomplatinumequitysmallcappartnersiilp,60700591.97643388,0.9675174013921114,0.0,0.37658350661623263,0.6426840622565009
torreyanaugpllc,17358538.340104327,0.9292343387470998,0.0,0.3502213282160009,0.42599204395961016
toussaintucgpiillc,318604.3560892229,0.703016241299304,0.0,0.26603279962460596,0.3190059302765401
travisnavitascapitalgpiiillc,90968.363516908,0.6368909512761021,0.14972584627239743,0.3544294154690762,0.3281183725813741
ubiquityventuresmanagementllc,7537.296510737706,0.5046403712296984,0.0,0.1871915872962612,0.23314299204493066
ufirstcapitalllc,291.90439461271,0.31554524361948955,0.0,0.11879636028270481,0.15543717924052122
ullasnaik,376.7291005703174,0.31554524361948955,0.14972584627239743,0.23891602811487786,0.2018899043491802
valkyriefundiigpllc,5.302996357697664,0.08816705336426914,0.0,0.03795747429047446,0.060527416681384824
vamosventuresgpiillc,671.3045307781192,0.2917633410672854,0.14972584627239743,0.2510690589325776,0.19226140957296428
vaniaatwaterbouncespvgpllc,1565642.1489427804,0.5081206496519721,0.0,0.3141560918669602,0.2536128300680804
vaniaschlogel,746.9394567904636,0.3689095127610209,0.0,0.13853796714513883,0.19040360128138115
verticalventurepartnersgpivllc,18161.304747230814,0.5440835266821346,0.0,0.20570920969185089,0.2613445252943977
victorvlfundgpillc,4488772.010385831,0.87122969837587,0.0,0.32173992520976874,0.3980878023253121
vishalmythosventuresgpiillc,10289686.119795036,0.9129930394431555,0.0,0.3392090717052585,0.41506857580923257
vmanagementllc,388837.651226769,0.7111368909512761,0.0,0.2702278419739356,0.320203273757775
vvcapitalfundmanagementllc,473336.9016111914,0.728538283062645,0.0,0.27436884384981997,0.3273325722696851
warrencftcapitalpartnersiillc,372678000.2818791,0.9965197215777262,0.0,0.41479921869858016,0.5972970421874748
warrenwestwavegpiiillc,969.2586462624154,0.3839907192575406,0.0,0.14401818185419513,0.1873863098808928
warrenwestwavegpiillc,7692.560283043681,0.5069605568445475,0.0,0.187620910901582,0.23285707015753926
wavefunctionventuresopportunityigpllcgull,170409.23470754738,0.6740139211136891,0.0,0.25285570974802885,0.3035184477533122
westcapiigpllc,6887.521150320714,0.48085846867749416,0.2559580248098155,0.3797112551432533,0.29413332083262994
westcapiisbsgpllc,1260.5567624654313,0.38650425367362723,0.2559580248098155,0.3439555596827913,0.24927200495148807
westcapmanagementllc,5558852.159339468,0.5179814385150812,0.14972584627239743,0.44103423354295435,0.3067972989415104
westcapstrategicoperatorfundiioffshorelp,3955.225178540075,0.4657772621809745,0.0,0.17361520413557227,0.22129229891576446
westcapstrategicoperatorfundiisidebysideoffshorelp,829.7767553617903,0.3776102088167053,0.0,0.14074990716740032,0.179853026353837
westonwhitman,12349126.290097557,0.6476218097447796,0.0,0.3722439519661838,0.36192472169831247
williamautopilothorizongpvillc,30.103298810258522,0.1728538283062645,0.0,0.07157253480875067,0.09209900034932465
williambarnumjr,688.1094096167536,0.3625290023201856,0.14972584627239743,0.25158934098279845,0.23322747650636583
williamjoinbeyondllc,126327.2380466231,0.6577726218097448,0.0,0.24655244471098633,0.29220604352386537
williammaris,16196984.6626019,0.9234338747099768,0.0,0.3487628456520407,0.46000994878746354
williamstringer,248621.30469258013,0.6948955916473318,0.0,0.26080996599205475,0.31346783483138707
williamstuart,41909049.983691186,0.9559164733178654,0.0,0.3687824401737012,0.44821430644793
williamswagar,621722.6919612271,0.7494199535962877,0.0,0.28011114139936055,0.33768873662739735
xiaoqiu,101.50250962835669,0.2482598607888631,0.0,0.09668605320640641,0.13064128060102997
yanirram,0.4913054259016478,0.02668213457076566,0.0,0.007604663941079874,0.028299981269055696
zacharymsivfundiigpllc,64.17166587022076,0.20417633410672853,0.0,0.08714955821422954,0.11310049813999815
zachbarasz,232607534.5462664,0.9930394431554525,0.0,0.4048731530416315,0.5811505141569026
zachemployeecapitalpartnersllc,1014.2538625538716,0.38689095127610207,0.0,0.15955887858077822,0.18265141113226896
ziadessa,6.677365404539751,0.09860788863109049,0.0,0.042111243270708316,0.06968058757965967
zoeschlag,114.89629711816214,0.26450116009280744,0.0,0.09927218668284661,0.13614596949000202
